[
    { "id": 1, "name": "AlooChat", "photo": "aloochat.jpg", "price": { "USD": 5.00, "CAD": 12.50 }, "type": "Food" },
    {
        "id": 2,
        "name": "AlooTiki",
        "photo": "alootiki.jpg",
        "price": {
            "USD": 10.00,
            "CAD": 10.00
        },
        "type": "Food"
    },
    {
        "id": 3,
        "name": "Bhel",
        "photo": "bhel.jpg",
        "price": {
            "USD": 10.00,
            "CAD": 5.00
        },
        "type": "Food"
    },
    {
        "id": 4,
        "name": "Burger",
        "photo": "burger.jpg",
        "price": {
            "USD": 10.00,
            "CAD": 8.00
        },
        "type": "Food"
    },
    {
        "id": 5,
        "name": "ChholeBhature",
        "photo": "cholebhture.jpg",
        "price": {
            "USD": 10.00,
            "CAD": 15.00
        },
        "type": "Food"
    },
    {
        "id": 6,
        "name": "Dabeli",
        "photo": "dabeli.jpg",
        "price": {
            "USD": 10.00,
            "CAD": 8.00
        },
        "type": "Food"
    },
    {
        "id": 7,
        "name": "DahiPuri",
        "photo": "dahipuri.jpg",
        "price": {
            "USD": 10.00,
            "CAD": 10.00
        },
        "type": "Food"
    },
    {
        "id": 8,
        "name": "DahiVada",
        "photo": "dahivada.jpg",
        "price": {
            "USD": 10.00,
            "CAD": 10.00
        },
        "type": "Food"
    },
    {
        "id": 9,
        "name": "FrenchFries",
        "photo": "fries.jpg",
        "price": {
            "USD": 5.00,
            "CAD": 6.00
        },
        "type": "Food"
    },
    {
        "id": 10,
        "name": "Ghughra",
        "photo": "ghughra.jpg",
        "price": {
            "USD": 10.00,
            "CAD": 6.00
        },
        "type": "Food"
    },
    {
        "id": 11,
        "name": "Manchurian",
        "photo": "gobhimanchurian.jpg",
        "price": {
            "USD": 10.00,
            "CAD": 7.00
        },
        "type": "Food"
    },
    {
        "id": 12,
        "name": "Kachori",
        "photo": "kachori.jpg",
        "price": {
            "USD": 10.00,
            "CAD": 4.00
        },
        "type": "Food"
    },
    {
        "id": 13,
        "name": "Maggi",
        "photo": "maggi.jpg",
        "price": {
            "USD": 10.00,
            "CAD": 5.00
        },
        "type": "Food"
    },
    {
        "id": 14,
        "name": "MangoLassi",
        "photo": "mangolassi.jpg",
        "price": {
            "USD": 10.00,
            "CAD": 9.00
        },
        "type": "Food"
    },
    {
        "id": 15,
        "name": "PaniPuri",
        "photo": "panipuri.jpg",
        "price": {
            "USD": 10.00,
            "CAD": 11.00
        },
        "type": "Food"
    },
    {
        "id": 16,
        "name": "Poha",
        "photo": "paua.jpg",
        "price": {
            "USD": 10.00,
            "CAD": 9.00
        },
        "type": "Food"
    },
    {
        "id": 17,
        "name": "Pizza",
        "photo": "pizza.jpg",
        "price": {
            "USD": 10.00,
            "CAD": 13.00
        },
        "type": "Food"
    },
    {
        "id": 18,
        "name": "Samosa",
        "photo": "samosa.jpg",
        "price": {
            "USD": 10.00,
            "CAD": 6.00
        },
        "type": "Food"
    },
    {
        "id": 19,
        "name": "SamosaChat",
        "photo": "samosachat.jpg",
        "price": {
            "USD": 10.00,
            "CAD": 10.00
        },
        "type": "Food"
    },
    {
        "id": 20,
        "name": "SandWich",
        "photo": "sandwich.jpg",
        "price": {
            "USD": 10.00,
            "CAD": 12.00
        },
        "type": "Food"
    }
]